,name,description,price,links
0,Laphroaig,Quarter Cask Scotch Whisky 700mL,84.95,https://www.danmurphys.com.au/product/DM_916600/laphroaig-quarter-cask-scotch-whisky-700ml
1,Laphroaig,10 Year Old Single Malt Scotch Whisky 700mL,79.95,https://www.danmurphys.com.au/product/DM_5512/laphroaig-10-year-old-single-malt-scotch-whisky-700ml
2,Glenfarclas,15 Year Old Single Malt Scotch Whisky 700mL,109.95,https://www.danmurphys.com.au/product/DM_143925/glenfarclas-15-year-old-single-malt-scotch-whisky-700ml
3,Glenfarclas,12 Year Old Single Malt Scotch Whisky 700mL,115.99,https://www.danmurphys.com.au/product/DM_117831/glenfarclas-12-year-old-single-malt-scotch-whisky-700ml
4,Glenfiddich,12 Year Old Single Malt Scotch Whisky 700mL,61.95,https://www.danmurphys.com.au/product/DM_17621/glenfiddich-12-year-old-single-malt-scotch-whisky-700ml
5,Glenfiddich,15 Year Old Single Malt Scotch Whisky 700mL,89.95,https://www.danmurphys.com.au/product/DM_903946/glenfiddich-15-year-old-single-malt-scotch-whisky-700ml
6,Glenfarclas,21 Year Old Single Malt Scotch Whisky 700mL,149.95,https://www.danmurphys.com.au/product/DM_903769/glenfarclas-21-year-old-single-malt-scotch-whisky-700ml
7,Glenmorangie,The Original Single Malt Scotch Whisky 10 Year Old 700mL,69.95,https://www.danmurphys.com.au/product/DM_1085/glenmorangie-the-original-single-malt-scotch-whisky-10-year-old
8,Port Ellen,35 Year Old Scotch Whisky 700mL,"3,998.95",https://www.danmurphys.com.au/product/DM_828336/port-ellen-35-year-old-scotch-whisky-700ml
9,The Glenlivet,Founder's Reserve Single Malt Scotch Whisky 700mL,55.90,https://www.danmurphys.com.au/product/DM_859333/the-glenlivet-founder-s-reserve-single-malt-scotch-whisky-700ml
10,Glenfarclas,25 Year Old Single Malt Scotch Whisky 700mL,199.95,https://www.danmurphys.com.au/product/DM_903758/glenfarclas-25-year-old-single-malt-scotch-whisky-700ml
11,Laphroaig,Select Cask Scotch Whisky 700mL,69.95,https://www.danmurphys.com.au/product/DM_782355/laphroaig-select-cask-scotch-whisky-700ml
12,Aberlour,12 Year Old Double Cask Single Malt Scotch Whisky 700mL,84.95,https://www.danmurphys.com.au/product/DM_792092/aberlour-12-year-old-double-cask-single-malt-scotch-whisky
13,Talisker,18 Year Old Single Malt Scotch Whisky 700mL,150.00,https://www.danmurphys.com.au/product/DM_345520/talisker-18-year-old-single-malt-scotch-whisky-700ml
14,Glen Moray,Classic Single Malt Scotch Whisky 700mL,42.90,https://www.danmurphys.com.au/product/DM_903515/glen-moray-classic-single-malt-scotch-whisky-700ml
15,Talisker,10 Year Old Single Malt Scotch Whisky 700mL,79.95,https://www.danmurphys.com.au/product/DM_84910/talisker-10-year-old-single-malt-scotch-whisky-700ml
16,The Balvenie,14yo Caribbean Cask Single Malt Scotch Whisky 700mL,119.95,https://www.danmurphys.com.au/product/DM_793858/the-balvenie-14yo-caribbean-cask-single-malt-scotch-whisky-700m
17,Lagavulin,16 Year Old Islay Single Malt Scotch Whisky 700mL,119.95,https://www.danmurphys.com.au/product/DM_41788/lagavulin-16-year-old-islay-single-malt-scotch-whisky-700ml
18,Spey River,12 Year Old Single Malt Scotch Whisky 700mL,58.00,https://www.danmurphys.com.au/product/DM_706567/spey-river-12-year-old-single-malt-scotch-whisky-700ml
19,THE SHINOBU PURE MAL,15 Year Mizunara Oak Finish Whisky,210.00,https://www.danmurphys.com.au/product/DM_ER_2000003321_SHIN004/the-shinobu-pure-mal-15-year-mizunara-oak-finish-whisky
20,Hakushu,12 Year Old Whisky 700mL,320.00,https://www.danmurphys.com.au/product/DM_784473/hakushu-12-year-old-whisky-700ml
21,Hakushu,Single Malt Whisky 700mL,119.99,https://www.danmurphys.com.au/product/DM_784466/hakushu-single-malt-whisky-700ml
22,Talisker,Port Ruighe Single Malt Scotch Whisky 700mL,92.00,https://www.danmurphys.com.au/product/DM_784436/talisker-port-ruighe-single-malt-scotch-whisky-700ml
23,The Macallan,12 Year Old Triple Cask Matured Single Malt Scotch Whisky 700mL,109.95,https://www.danmurphys.com.au/product/DM_52212/the-macallan-12-year-old-triple-cask-matured-single-malt-scotch
24,Glenmorangie,The Lasanta Single Malt Scotch Whisky 700mL,89.95,https://www.danmurphys.com.au/product/DM_21887/glenmorangie-the-lasanta-single-malt-scotch-whisky-700ml
25,The Balvenie,17 Year Old DoubleWood Single Malt Scotch 700mL,177.99,https://www.danmurphys.com.au/product/DM_773978/the-balvenie-17-year-old-doublewood-single-malt-scotch-700ml
26,The Glenlivet,12 Year Old Single Malt Scotch Whisky 700mL,69.90,https://www.danmurphys.com.au/product/DM_93651/the-glenlivet-12-year-old-single-malt-scotch-whisky-700ml
27,Glenmorangie,Signet Single Malt Scotch Whisky 700mL,214.99,https://www.danmurphys.com.au/product/DM_778216/glenmorangie-signet-single-malt-scotch-whisky-700ml
28,Ardbeg,10 Year Old Scotch Whisky 700mL,82.95,https://www.danmurphys.com.au/product/DM_903743/ardbeg-10-year-old-scotch-whisky-700ml
29,Lark,Classic Cask Single malt Australian Whisky 500mL,164.95,https://www.danmurphys.com.au/product/DM_401428/lark-classic-cask-single-malt-australian-whisky-500ml
30,The Macallan,Rare Cask Single Malt Scotch Whisky 700mL,399.99,https://www.danmurphys.com.au/product/DM_592193/the-macallan-rare-cask-single-malt-scotch-whisky-700ml
31,Teeling,24 Year Old Single Malt Irish Whiskey 700mL,600.00,https://www.danmurphys.com.au/product/DM_554382/teeling-24-year-old-single-malt-irish-whiskey-700ml
32,Oban,14 Year Old Single Malt Scotch Whisky 700mL,109.95,https://www.danmurphys.com.au/product/DM_84913/oban-14-year-old-single-malt-scotch-whisky-700ml
33,Aberlour,A'Bunadh Single Malt Scotch Whisky 700mL,124.95,https://www.danmurphys.com.au/product/DM_903873/aberlour-a-bunadh-single-malt-scotch-whisky-700ml
34,Dalwhinnie,15 Year Old Single Highland Malt Scotch Whisky 700mL,94.95,https://www.danmurphys.com.au/product/DM_84915/dalwhinnie-15-year-old-single-highland-malt-scotch-whisky-700
35,THE SHINOBU,10 YR MIZUNARA OAK WHISKY,149.00,https://www.danmurphys.com.au/product/DM_ER_2000003321_SHIN003/the-shinobu-10-yr-mizunara-oak-whisky
36,Bruichladdich,Port Charlotte 10 Year Old Scotch Whisky 700mL,99.95,https://www.danmurphys.com.au/product/DM_574833/bruichladdich-port-charlotte-10-year-old-scotch-whisky-700ml
37,The Balvenie,PortWood 21 Year Old Single Malt Scotch Whisky 700mL,272.99,https://www.danmurphys.com.au/product/DM_732639/the-balvenie-portwood-21-year-old-single-malt-scotch-whisky-700
38,Glen Moray,Classic Port Cask Single Malt Scotch Whisky 700mL,51.99,https://www.danmurphys.com.au/product/DM_928466/glen-moray-classic-port-cask-single-malt-scotch-whisky-700ml
39,The Macallan,12 Year Old Sherry Cask Single Malt Scotch Whisky 700mL,119.99,https://www.danmurphys.com.au/product/DM_66096/the-macallan-12-year-old-sherry-cask-single-malt-scotch-whisky
40,Glenfiddich,21 Year Old Single Malt Scotch Whisky 700mL,269.99,https://www.danmurphys.com.au/product/DM_904301/glenfiddich-21-year-old-single-malt-scotch-whisky-700ml
41,Glenfiddich,21 Year Old Single Malt Lunar New Year Edition 700mL,269.99,https://www.danmurphys.com.au/product/DM_79922/glenfiddich-21-year-old-single-malt-lunar-new-year-edition-700
42,The Macallan,12 Year Old Double Cask Single Malt Scotch Whisky 700mL,104.95,https://www.danmurphys.com.au/product/DM_592206/the-macallan-12-year-old-double-cask-single-malt-scotch-whisky
43,Highland Park,12 Year Old Scotch Whisky 700mL,79.95,https://www.danmurphys.com.au/product/DM_73487/highland-park-12-year-old-scotch-whisky-700ml
44,Lagavulin,8 Year Old Single Malt Scotch Whisky 700mL,89.95,https://www.danmurphys.com.au/product/DM_506136/lagavulin-8-year-old-single-malt-scotch-whisky-700ml
45,Starward,NOVA Single Malt Australian Whisky 700mL,89.95,https://www.danmurphys.com.au/product/DM_824170/starward-nova-single-malt-australian-whisky-700ml
46,The Glenlivet,18 Year Old Single Malt Scotch Whisky 700mL,152.99,https://www.danmurphys.com.au/product/DM_903275/the-glenlivet-18-year-old-single-malt-scotch-whisky-700ml
47,Edradour,10 Year Old Single Malt Scotch Whisky 700mL,73.00,https://www.danmurphys.com.au/product/DM_781511/edradour-10-year-old-single-malt-scotch-whisky-700ml
48,The Dalmore,Cigar Malt Reserve Single Malt Scotch Whisky 700mL,140.00,https://www.danmurphys.com.au/product/DM_727621/the-dalmore-cigar-malt-reserve-single-malt-scotch-whisky-700ml
49,The Shinobu,Pure Malt Mizunara Oak Whisky,114.99,https://www.danmurphys.com.au/product/DM_ER_2000003321_SHIN002/the-shinobu-pure-malt-mizunara-oak-whisky
50,Strathmill,25 Year Old Scotch Whisky 700mL,398.95,https://www.danmurphys.com.au/product/DM_828344/strathmill-25-year-old-scotch-whisky-700ml
51,Amrut,Fusion Indian Whisky 700mL,95.99,https://www.danmurphys.com.au/product/DM_749095/amrut-fusion-indian-whisky-700ml
52,Clynelish,14 Year Old Single Malt Scotch Whisky 700mL,90.00,https://www.danmurphys.com.au/product/DM_764449/clynelish-14-year-old-single-malt-scotch-whisky-700ml
53,The Balvenie,12 Year Old DoubleWood Single Malt Scotch Whisky 700mL,94.95,https://www.danmurphys.com.au/product/DM_903945/the-balvenie-12-year-old-doublewood-single-malt-scotch-whisky-7
54,Aberfeldy,12 Year Old Single Malt Scotch Whisky 700mL,84.99,https://www.danmurphys.com.au/product/DM_867538/aberfeldy-12-year-old-single-malt-scotch-whisky-700ml
55,Spey River,Double Cask Single Malt Scotch Whisky 700mL,54.99,https://www.danmurphys.com.au/product/DM_823676/spey-river-double-cask-single-malt-scotch-whisky-700ml
56,Glen Grant,18YO Rare Edition Single Malt Scotch Whisky 700mL,164.95,https://www.danmurphys.com.au/product/DM_593347/glen-grant-18yo-rare-edition-single-malt-scotch-whisky-700ml
57,The Glenlivet,Archive 21 Year Old Single Malt Scotch Whisky 700mL,349.99,https://www.danmurphys.com.au/product/DM_908495/the-glenlivet-archive-21-year-old-single-malt-scotch-whisky-700m
58,The Macallan,15 Year Old Fine Oak Single Malt Scotch Whisky 700mL,184.99,https://www.danmurphys.com.au/product/DM_592207/the-macallan-15-year-old-fine-oak-single-malt-scotch-whisky-700
59,Glenfiddich,30 Year Old Single Malt Scotch Whisky 700mL,999.99,https://www.danmurphys.com.au/product/DM_905457/glenfiddich-30-year-old-single-malt-scotch-whisky-700ml
60,Glen Moray,Chardonnay Cask Single Malt Scotch Whisky 700mL,44.00,https://www.danmurphys.com.au/product/DM_412399/glen-moray-chardonnay-cask-single-malt-scotch-whisky-700ml
61,Glenfiddich,Excellence 26 Year Old Single Malt Scotch Whisky 700mL,575.00,https://www.danmurphys.com.au/product/DM_798607/glenfiddich-excellence-26-year-old-single-malt-scotch-whisky-7
62,Glenfiddich,12 Year Old Lunar New Year Gift Pack,79.99,https://www.danmurphys.com.au/product/DM_78821/glenfiddich-12-year-old-lunar-new-year-gift-pack
63,Ardbeg,Uigeadail Scotch Whisky 700mL,134.95,https://www.danmurphys.com.au/product/DM_905864/ardbeg-uigeadail-scotch-whisky-700ml
64,Glenmorangie,Nectar d'Or Single Malt Scotch Whisky 700mL,103.99,https://www.danmurphys.com.au/product/DM_65524/glenmorangie-nectar-d-or-single-malt-scotch-whisky-700ml
65,Glengoyne,10 Year Old Single Malt Scotch Whisky 700mL,71.00,https://www.danmurphys.com.au/product/DM_751143/glengoyne-10-year-old-single-malt-scotch-whisky-700ml
66,Lagavulin,Distillers Edition Single Malt Scotch Whisky 2018 Release,198.95,https://www.danmurphys.com.au/product/DM_859103/lagavulin-distillers-edition-single-malt-scotch-whisky-2018
67,The Balvenie,12 Year Old 'American Oak' Single Malt Scotch Whisky 700mL,109.99,https://www.danmurphys.com.au/product/DM_64374/the-balvenie-12-year-old-american-oak-single-malt-scotch-whis
68,Dalwhinnie,Winter's Gold Single Malt Scotch Whisky 700mL,91.99,https://www.danmurphys.com.au/product/DM_506137/dalwhinnie-winter-s-gold-single-malt-scotch-whisky-700ml
69,The Glenrothes,25 Year Old Single Malt Whisky 700mL,720.00,https://www.danmurphys.com.au/product/DM_57366/the-glenrothes-25-year-old-single-malt-whisky-700ml
70,Glengoyne,12 Year Old Single Malt Scotch Whisky 700mL,88.99,https://www.danmurphys.com.au/product/DM_751138/glengoyne-12-year-old-single-malt-scotch-whisky-700ml
71,Inchgower,27 Year Old Single Malt Scotch Whisky 700mL,500.00,https://www.danmurphys.com.au/product/DM_859367/inchgower-27-year-old-single-malt-scotch-whisky-700ml
72,Hellyers Road,Pinot Noir Finish Single Malt Whisky 700mL,94.95,https://www.danmurphys.com.au/product/DM_743794/hellyers-road-pinot-noir-finish-single-malt-whisky-700ml
73,Cragganmore,12 Year Old Single Malt Scotch Whisky 700mL,74.95,https://www.danmurphys.com.au/product/DM_84914/cragganmore-12-year-old-single-malt-scotch-whisky-700ml
74,Talisker,Storm Scotch Whisky 700mL,84.95,https://www.danmurphys.com.au/product/DM_758627/talisker-storm-scotch-whisky-700ml
75,The Dalmore,15 Year Old Scotch Whisky 700mL,160.00,https://www.danmurphys.com.au/product/DM_ER_1000005437_DA70P/the-dalmore-15-year-old-scotch-whisky-700ml
76,Glenfiddich,Experiment 02 Project XX Single Malt Scotch Whisky 700mL,124.99,https://www.danmurphys.com.au/product/DM_531434/glenfiddich-experiment-02-project-xx-single-malt-scotch-whisky
77,Nant,Tasmanian Port Cask Whisky 500mL,169.99,https://www.danmurphys.com.au/product/DM_3438/nant-tasmanian-port-cask-whisky-500ml
78,Bunnahabhain,12 Year Old Single Malt Scotch Whisky 700mL,94.99,https://www.danmurphys.com.au/product/DM_760659/bunnahabhain-12-year-old-single-malt-scotch-whisky-700ml
79,The Glenlivet,15 Year Old Single Malt Scotch Whisky 700mL,119.95,https://www.danmurphys.com.au/product/DM_903274/the-glenlivet-15-year-old-single-malt-scotch-whisky-700ml
80,Glengoyne,21 Year Old Scotch Whisky 700mL,249.99,https://www.danmurphys.com.au/product/DM_757993/glengoyne-21-year-old-scotch-whisky-700ml
81,Cardhu,12 Year Old Single Malt Scotch Whisky 700mL,69.95,https://www.danmurphys.com.au/product/DM_784464/cardhu-12-year-old-single-malt-scotch-whisky-700ml
82,Glen Moray,12 Year Old Single Malt Scotch Whisky 700mL,57.99,https://www.danmurphys.com.au/product/DM_336040/glen-moray-12-year-old-single-malt-scotch-whisky-700ml
83,Glengoyne,Cask Strength Single Malt Scotch Whisky 700mL,97.00,https://www.danmurphys.com.au/product/DM_751149/glengoyne-cask-strength-single-malt-scotch-whisky-700ml
84,Bruichladdich,Octomore 7.1 Scotch Whisky 700mL,184.99,https://www.danmurphys.com.au/product/DM_946706/bruichladdich-octomore-7-1-scotch-whisky-700ml
85,Auchentoshan,American Oak Scotch Whisky 700mL,54.95,https://www.danmurphys.com.au/product/DM_442111/auchentoshan-american-oak-scotch-whisky-700ml
86,Penderyn,Legend Single Malt Welsh Whisky 700mL,79.99,https://www.danmurphys.com.au/product/DM_781504/penderyn-legend-single-malt-welsh-whisky-700ml
87,Ardbeg,An Oa Single Malt Scotch Whisky 700mL,114.85,https://www.danmurphys.com.au/product/DM_646895/ardbeg-an-oa-single-malt-scotch-whisky-700ml
88,Penderyn,Myth Single Malt Welsh Whisky 700mL,82.99,https://www.danmurphys.com.au/product/DM_466117/penderyn-myth-single-malt-welsh-whisky-700ml
89,Bruichladdich,The Classic Laddie Single Malt Scotch Whisky 700mL,99.95,https://www.danmurphys.com.au/product/DM_796938/bruichladdich-the-classic-laddie-single-malt-scotch-whisky-700ml
90,Glenfarclas,30 Year Old Single Malt Scotch Whisky 700mL,698.95,https://www.danmurphys.com.au/product/DM_903896/glenfarclas-30-year-old-single-malt-scotch-whisky-700ml
91,Highland Park,18 Year Old Scotch Whisky 700mL,249.99,https://www.danmurphys.com.au/product/DM_903546/highland-park-18-year-old-scotch-whisky-700ml
92,The Dalmore,12 Year Old Single Malt Scotch Whisky 700mL,109.99,https://www.danmurphys.com.au/product/DM_904295/the-dalmore-12-year-old-single-malt-scotch-whisky-700ml
93,Talisker,30 Year Old Scotch Whisky 700mL,700.00,https://www.danmurphys.com.au/product/DM_746676/talisker-30-year-old-scotch-whisky-700ml
94,Longmorn,16 Year Old Scotch Whisky 700mL,198.95,https://www.danmurphys.com.au/product/DM_756886/longmorn-16-year-old-scotch-whisky-700ml
95,Old Kempton Distillery,Single Malt Cask Strength Whisky,279.95,https://www.danmurphys.com.au/product/DM_ER_2000003067_SBW-WL-1/old-kempton-distillery-single-malt-cask-strength-whisky
96,Glen Grant,10 Year Old Single Malt Scotch Whisky 700mL,59.95,https://www.danmurphys.com.au/product/DM_758583/glen-grant-10-year-old-single-malt-scotch-whisky-700ml
97,Limeburners,Infinity Solera Cask Single Malt Whisky 700mL,143.99,https://www.danmurphys.com.au/product/DM_419437/limeburners-infinity-solera-cask-single-malt-whisky-700ml
98,The Balvenie,'Thirty' 30 Year Old Scotch Whisky 700mL,"1,290.00",https://www.danmurphys.com.au/product/DM_384113/the-balvenie-thirty-30-year-old-scotch-whisky-700ml
99,Laphroaig,Triple Wood Scotch Whisky 700mL,124.95,https://www.danmurphys.com.au/product/DM_707923/laphroaig-triple-wood-scotch-whisky-700ml
100,The Glenrothes,18 Year Old Single Malt Scotch Whisky 700mL,209.99,https://www.danmurphys.com.au/product/DM_57364/the-glenrothes-18-year-old-single-malt-scotch-whisky-700ml
101,Caol Ila,12 Year Old Scotch Whisky 700mL,103.99,https://www.danmurphys.com.au/product/DM_786920/caol-ila-12-year-old-scotch-whisky-700ml
102,GlenAllachie,12 Year Old Single Malt Scotch Whisky 700mL,109.99,https://www.danmurphys.com.au/product/DM_64195/glenallachie-12-year-old-single-malt-scotch-whisky-700ml
103,Bowmore,12 Year Old Scotch Whisky 700mL,91.99,https://www.danmurphys.com.au/product/DM_132580/bowmore-12-year-old-scotch-whisky-700ml
104,Bruichladdich,Octomore 09.1 Scotch Whisky 700mL,219.99,https://www.danmurphys.com.au/product/DM_66970/bruichladdich-octomore-09-1-scotch-whisky-700ml
105,Writers Tears,Redhead Irish Whiskey 700mL,92.99,https://www.danmurphys.com.au/product/DM_644311/writers-tears-redhead-irish-whiskey-700ml
106,Bruichladdich,Black Art Edition 6 Whisky 700mL,550.00,https://www.danmurphys.com.au/product/DM_816188/bruichladdich-black-art-edition-6-whisky-700ml
107,The Arran,Malt The Bothy Scotch Whisky 700mL,99.95,https://www.danmurphys.com.au/product/DM_500394/the-arran-malt-the-bothy-scotch-whisky-700ml
108,"Kura, Kujira",Japanese Single Malts Set,"1,025.00",https://www.danmurphys.com.au/product/DM_ER_1000005534_MALTSET/kura-kujira-japanese-single-malts-set
109,Limeburners,Darkest Winter Single Malt Whisky 700mL,339.99,https://www.danmurphys.com.au/product/DM_540263/limeburners-darkest-winter-single-malt-whisky-700ml
110,Nant,Tasmanian Sherry Cask Whisky 500mL,169.99,https://www.danmurphys.com.au/product/DM_3469/nant-tasmanian-sherry-cask-whisky-500ml
111,Auchentoshan,Three Wood Scotch Whisky 700mL,92.99,https://www.danmurphys.com.au/product/DM_364707/auchentoshan-three-wood-scotch-whisky-700ml
112,Glengoyne,18 Year Old Single Malt Scotch Whisky 700mL,164.95,https://www.danmurphys.com.au/product/DM_751146/glengoyne-18-year-old-single-malt-scotch-whisky-700ml
113,Starward,Single Malt Australian Whisky 700mL,114.99,https://www.danmurphys.com.au/product/DM_758628/starward-single-malt-australian-whisky-700ml
114,Glen Moray,30 Year Old Single Malt Scotch Whisky 700mL,500.00,https://www.danmurphys.com.au/product/DM_438483/glen-moray-30-year-old-single-malt-scotch-whisky-700ml
115,Craigellachie,13 Year Old Single Malt Scotch Whisky 700mL,99.99,https://www.danmurphys.com.au/product/DM_867541/craigellachie-13-year-old-single-malt-scotch-whisky-700ml
116,Connemara,Irish Whiskey 700mL,79.95,https://www.danmurphys.com.au/product/DM_802395/connemara-irish-whiskey-700ml
117,Smokehead,Scotch Whisky 700mL,68.99,https://www.danmurphys.com.au/product/DM_383465/smokehead-scotch-whisky-700ml
118,Craigellachie,17 Year Old Single Malt Scotch Whisky 700mL,179.99,https://www.danmurphys.com.au/product/DM_549167/craigellachie-17-year-old-single-malt-scotch-whisky-700ml
0,The Dalmore,18 Year Old Scotch Whisky 700mL,219.99,https://www.danmurphys.com.au/product/DM_432376/the-dalmore-18-year-old-scotch-whisky-700ml
1,Old Kempton Distillery,Small Cask Matured Whisky,219.95,https://www.danmurphys.com.au/product/DM_ER_2000003067_SBW-WL/old-kempton-distillery-small-cask-matured-whisky
2,Glen Grant,The Major's Reserve Single Malt Scotch Whisky 700mL,49.95,https://www.danmurphys.com.au/product/DM_708171/glen-grant-the-major-s-reserve-single-malt-scotch-whisky-700m
3,Cotswolds,Cotswolds Odyssey Barley Single Malt Whisky 46% 700mL,119.80,https://www.danmurphys.com.au/product/DM_ER_1000006499_COTSWOLDS2014WHISKY/cotswolds-cotswolds-odyssey-barley-single-malt-whisky-46-70
4,Rampur,Indian Single Malt 43%,99.99,https://www.danmurphys.com.au/product/DM_ER_1000003298_RAM1000L/rampur-indian-single-malt-43-
5,Ailsa Bay,Single Malt Scotch Whisky 700mL,99.99,https://www.danmurphys.com.au/product/DM_820487/ailsa-bay-single-malt-scotch-whisky-700ml
6,The Macallan,10 Year Old Single Malt Scotch Whisky 700mL,199.99,https://www.danmurphys.com.au/product/DM_564132/the-macallan-10-year-old-single-malt-scotch-whisky-700ml
7,Ledaig,10 Year Old Scotch Whisky 700mL,84.95,https://www.danmurphys.com.au/product/DM_760821/ledaig-10-year-old-scotch-whisky-700ml
8,The Glenrothes,12 year old Single Malt Scotch Whisky 700mL,97.99,https://www.danmurphys.com.au/product/DM_57363/the-glenrothes-12-year-old-single-malt-scotch-whisky-700ml
9,Teeling,Single Malt Irish Whiskey 700mL,85.99,https://www.danmurphys.com.au/product/DM_839673/teeling-single-malt-irish-whiskey-700ml
10,Bunnahabhain,Stiuireadair Single Malt Scotch Whisky 700mL,84.99,https://www.danmurphys.com.au/product/DM_819607/bunnahabhain-stiuireadair-single-malt-scotch-whisky-700ml
11,Glen Moray,25YO Port Cask Finish Single Malt Scotch Whisky 700mL,379.99,https://www.danmurphys.com.au/product/DM_748785/glen-moray-25yo-port-cask-finish-single-malt-scotch-whisky-70
12,Old Pulteney,12 Year Old Scotch Whisky 700mL,79.95,https://www.danmurphys.com.au/product/DM_760917/old-pulteney-12-year-old-scotch-whisky-700ml
13,Dailuaine,34 Year Old Scotch Whisky 700mL,750.00,https://www.danmurphys.com.au/product/DM_437366/dailuaine-34-year-old-scotch-whisky-700ml
14,The BenRiach,10 Year Old Single Malt Scotch Whisky 700mL,79.95,https://www.danmurphys.com.au/product/DM_819987/the-benriach-10-year-old-single-malt-scotch-whisky-700ml
15,Bruichladdich,Islay Barley Scotch Whisky 700mL,109.99,https://www.danmurphys.com.au/product/DM_786834/bruichladdich-islay-barley-scotch-whisky-700ml
16,Laphroaig,25 Year Old Scotch Whisky 2013 Edition 700mL,700.00,https://www.danmurphys.com.au/product/DM_785392/laphroaig-25-year-old-scotch-whisky-2013-edition-700ml
17,Kilchoman,Sanaig Single Islay Malt Scotch Whisky 700mL,119.99,https://www.danmurphys.com.au/product/DM_583455/kilchoman-sanaig-single-islay-malt-scotch-whisky-700ml
18,G. Rozelieures,Single Malt French Whisky 700mL,61.99,https://www.danmurphys.com.au/product/DM_514306/g-rozelieures-single-malt-french-whisky-700ml
19,Jura,10 Year Old Single Malt Scotch Whisky 700mL,79.95,https://www.danmurphys.com.au/product/DM_822064/jura-10-year-old-single-malt-scotch-whisky-700ml
20,Ledaig,18 Year Old Scotch Whisky 700mL,174.95,https://www.danmurphys.com.au/product/DM_456989/ledaig-18-year-old-scotch-whisky-700ml
21,Mortlach,The Wee Witchie 12 Year Old Single Malt Scotch Whisky 750mL,99.99,https://www.danmurphys.com.au/product/DM_54776/mortlach-the-wee-witchie-12-year-old-single-malt-scotch-whi
22,23rd Street Distillery,Single Malt Whisky 700mL,149.95,https://www.danmurphys.com.au/product/DM_54934/23rd-street-distillery-single-malt-whisky-700ml
23,Ben Nevis,Douglas of Drumlanrig Cask Strength 18 YO Single Cask,199.00,https://www.danmurphys.com.au/product/DM_ER_2000003354_075-DODBENNEVIS18-05/ben-nevis-douglas-of-drumlanrig-cask-strength-18-yo-single-c
24,Glengoyne,15 Year Old Single Malt Scotch Whisky 700mL,117.99,https://www.danmurphys.com.au/product/DM_751144/glengoyne-15-year-old-single-malt-scotch-whisky-700ml
25,Benromach,10 Year Old Single Malt Scotch Whisky 700mL,74.88,https://www.danmurphys.com.au/product/DM_785617/benromach-10-year-old-single-malt-scotch-whisky-700ml
26,Overeem,Cask Strength Single Malt Whisky 700mL,274.99,https://www.danmurphys.com.au/product/DM_811363/overeem-cask-strength-single-malt-whisky-700ml
27,Benromach,Peat Smoke Single Malt Scotch Whisky 700mL,90.88,https://www.danmurphys.com.au/product/DM_785635/benromach-peat-smoke-single-malt-scotch-whisky-700ml
28,Glen Moray,15 Year Old Single Malt Scotch Whisky 700mL,77.99,https://www.danmurphys.com.au/product/DM_464436/glen-moray-15-year-old-single-malt-scotch-whisky-700ml
29,Balcones Distilling,Texas Single Malt Whisky,134.99,https://www.danmurphys.com.au/product/DM_ER_2000003502_BAL37006/balcones-distilling-texas-single-malt-whisky
30,Ardbeg,Drum Scotch Whisky 700mL,179.99,https://www.danmurphys.com.au/product/DM_28066/ardbeg-drum-scotch-whisky-700ml
31,The Glenlivet,Tervie 14YO Single Malt Scotch Whisky 700mL,259.99,https://www.danmurphys.com.au/product/DM_793403/the-glenlivet-tervie-14yo-single-malt-scotch-whisky-700ml
32,Nant,Tasmanian Bourbon Cask Whisky 500mL,169.99,https://www.danmurphys.com.au/product/DM_3448/nant-tasmanian-bourbon-cask-whisky-500ml
33,Bladnoch,Talia 25 Year Old Single Malt Scotch Whisky 700mL,498.95,https://www.danmurphys.com.au/product/DM_576204/bladnoch-talia-25-year-old-single-malt-scotch-whisky-700ml
34,Ardbeg,Corryvreckan Scotch Whisky 700mL,169.99,https://www.danmurphys.com.au/product/DM_752072/ardbeg-corryvreckan-scotch-whisky-700ml
35,Corra Linn Distiller,Single Malt Whisky,239.00,https://www.danmurphys.com.au/product/DM_ER_2000003373_0797776096602/corra-linn-distiller-single-malt-whisky
36,Lark,Sláinte Single Malt Whisky Liqueur 350mL,58.99,https://www.danmurphys.com.au/product/DM_830027/lark-sl-inte-single-malt-whisky-liqueur-350ml
37,Glenkinchie,12 Year Old Scotch Whisky 700mL,94.99,https://www.danmurphys.com.au/product/DM_917595/glenkinchie-12-year-old-scotch-whisky-700ml
38,The Singleton,Dufftown 12YO Single Malt Scotch Whisky 700mL,76.99,https://www.danmurphys.com.au/product/DM_448954/the-singleton-dufftown-12yo-single-malt-scotch-whisky-700ml
39,Auchentoshan,12 Year Old Single Malt Scotch Whisky 700mL,74.95,https://www.danmurphys.com.au/product/DM_364261/auchentoshan-12-year-old-single-malt-scotch-whisky-700ml
40,The Glenrothes,10 Year Old Single Malt Scotch Whisky 700mL,87.99,https://www.danmurphys.com.au/product/DM_57362/the-glenrothes-10-year-old-single-malt-scotch-whisky-700ml
41,Overeem,Port Cask Single Malt Whisky 700mL,209.99,https://www.danmurphys.com.au/product/DM_811358/overeem-port-cask-single-malt-whisky-700ml
42,Benromach,15 year old Single Malt Scotch Whisky 700mL,134.99,https://www.danmurphys.com.au/product/DM_57338/benromach-15-year-old-single-malt-scotch-whisky-700ml
43,The New Zealand,South Island 25 Year Old Single Malt Whisky 350mL,199.99,https://www.danmurphys.com.au/product/DM_441704/the-new-zealand-south-island-25-year-old-single-malt-whisky-350ml
44,Gordon & Macphail,Connoisseurs Choice Allt &aacute Bhainne 1996 Scotch Whisky 700mL,199.99,https://www.danmurphys.com.au/product/DM_785670/gordon-macphail-connoisseurs-choice-allt-aacute-bhainne-1996-scot
45,Aultmore,12 Year Old Single Malt Scotch Whisky 700mL,99.99,https://www.danmurphys.com.au/product/DM_867540/aultmore-12-year-old-single-malt-scotch-whisky-700ml
46,Jura,12 Year Old Single Malt Scotch Whisky 700mL,99.99,https://www.danmurphys.com.au/product/DM_822150/jura-12-year-old-single-malt-scotch-whisky-700ml
47,Allt A Bhainne,Single Malt Scotch Whisky 700mL,79.99,https://www.danmurphys.com.au/product/DM_765041/allt-a-bhainne-single-malt-scotch-whisky-700ml
48,Caol Ila,15 Year Old Single Malt Special Release 700mL,179.99,https://www.danmurphys.com.au/product/DM_859119/caol-ila-15-year-old-single-malt-special-release-700ml
49,Old Pulteney,15 year old Single Malt Scotch Whisky 700mL,179.99,https://www.danmurphys.com.au/product/DM_55673/old-pulteney-15-year-old-single-malt-scotch-whisky-700ml
50,Berry Brothers & Rudd,Ben Nevis 1998 Scotch Whisky 700mL,169.99,https://www.danmurphys.com.au/product/DM_578736/berry-brothers-rudd-ben-nevis-1998-scotch-whisky-700ml
51,GlenAllachie,GlenAllachie 10 Year Cask Strength Whisky 700ml,164.99,https://www.danmurphys.com.au/product/DM_ER_1000002986_GLE10YR0700/glenallachie-glenallachie-10-year-cask-strength-whisky-700ml
52,Caol Ila,Moch Islay Single Malt Scotch Whisky 700mL,119.99,https://www.danmurphys.com.au/product/DM_564006/caol-ila-moch-islay-single-malt-scotch-whisky-700ml
53,Kilkerran,12 Year Old Single Malt Scotch Whisky 700mL,99.95,https://www.danmurphys.com.au/product/DM_583452/kilkerran-12-year-old-single-malt-scotch-whisky-700ml
54,Amrut,Amrut Intermediate Sherry Indian Whisky 46% 700mL,161.00,https://www.danmurphys.com.au/product/DM_ER_1000006499_AMRUTINTSHERRY/amrut-amrut-intermediate-sherry-indian-whisky-46-700ml
55,Kilchoman,Machir Bay Islay Single Malt Scotch Whisky 700mL,99.99,https://www.danmurphys.com.au/product/DM_796749/kilchoman-machir-bay-islay-single-malt-scotch-whisky-700ml
56,Hellyers Road,10 Year Old Original Single Malt Whisky 700mL,97.99,https://www.danmurphys.com.au/product/DM_743811/hellyers-road-10-year-old-original-single-malt-whisky-700ml
57,The Balvenie,14 year old 'The Week of Peat' Single Malt Scotch Whisky 700mL,149.99,https://www.danmurphys.com.au/product/DM_63579/the-balvenie-14-year-old-the-week-of-peat-single-malt-scotch
58,The Glenlivet,Nadurra Oloroso Single Malt Scotch Whisky 700mL,139.99,https://www.danmurphys.com.au/product/DM_859340/the-glenlivet-nadurra-oloroso-single-malt-scotch-whisky-700ml
59,Talisker,57° North Scotch Whisky 700mL,135.99,https://www.danmurphys.com.au/product/DM_747034/talisker-57-north-scotch-whisky-700ml
60,Bladnoch,Samsara Single Malt Scotch Whisky 700mL,129.99,https://www.danmurphys.com.au/product/DM_539960/bladnoch-samsara-single-malt-scotch-whisky-700ml
61,Lagavulin,2018 Distillers Edition Single Malt Scotch Whisky 1L,249.95,https://www.danmurphys.com.au/product/DM_ER_1000004677_LAGAVULINDIST/lagavulin-2018-distillers-edition-single-malt-scotch-whisky
62,Woodford Reserve,Masters Collection American Oak,250.00,https://www.danmurphys.com.au/product/DM_ER_2000003066_52490552/woodford-reserve-masters-collection-american-oak
63,Overeem,Sherry Cask Single Malt Whisky 700mL,239.99,https://www.danmurphys.com.au/product/DM_8872/overeem-sherry-cask-single-malt-whisky-700ml
64,Westward,American Single Malt Whiskey 700mL,119.95,https://www.danmurphys.com.au/product/DM_16506/westward-american-single-malt-whiskey-700ml
65,Glenfarclas,105 Cask Strength Single Malt Scotch Whisky 700mL,118.88,https://www.danmurphys.com.au/product/DM_85953/glenfarclas-105-cask-strength-single-malt-scotch-whisky-700ml
66,Spring Bay Distiller,The Rheban Cask Strength Single Malt Whisky Port Cask Matured,235.00,https://www.danmurphys.com.au/product/DM_ER_2000003097_RBN700/spring-bay-distiller-the-rheban-cask-strength-single-malt-whisky-port-c
67,Royal Brackla,12 Year Old Single Malt Scotch Whisky 700mL,99.99,https://www.danmurphys.com.au/product/DM_447370/royal-brackla-12-year-old-single-malt-scotch-whisky-700ml
68,Corowa,Characters Single Malt Wine Cask 46% 500mL,99.00,https://www.danmurphys.com.au/product/DM_ER_2000003354_075-COROWACHARACTER-/corowa-characters-single-malt-wine-cask-46-500ml
69,Old Kempton Distillery,Small Cask Matured Whisky 200mL,94.99,https://www.danmurphys.com.au/product/DM_ER_2000003067_SBW-200/old-kempton-distillery-small-cask-matured-whisky-200ml
70,Benromach,Organic Single Malt Scotch Whisky 700mL,99.99,https://www.danmurphys.com.au/product/DM_785661/benromach-organic-single-malt-scotch-whisky-700ml
71,Corowa,Corowa Distilling Co. Bosque Verde Cask Strength Australian Single Malt Whisky 60% 500 ml,180.00,https://www.danmurphys.com.au/product/DM_ER_2000003354_04-COROWABOSQUEVER60/corowa-corowa-distilling-co-bosque-verde-cask-strength-a
72,Paul John Sgl Malt,Brilliance 46%,84.99,https://www.danmurphys.com.au/product/DM_ER_1000003298_PJN1000L/paul-john-sgl-malt-brilliance-46-
73,Douglas of Drumlanri,Douglas of Drumlanrig Ben Nevis Cask Strength 16 Year Old Single Cask 54.1% ABV,159.00,https://www.danmurphys.com.au/product/DM_ER_2000003354_DODBENNEVISCASKSTREN/douglas-of-drumlanri-douglas-of-drumlanrig-ben-nevis-cask-strength-16-y
74,The Deveron,12 Year Old Single Malt Scotch Whisky 700mL,77.99,https://www.danmurphys.com.au/product/DM_447344/the-deveron-12-year-old-single-malt-scotch-whisky-700ml
75,Launceston,Single Malt Whisky Apera Cask 500mL,155.99,https://www.danmurphys.com.au/product/DM_ER_1000006499_LAUNCESTONAPERA/launceston-single-malt-whisky-apera-cask-500ml
76,Port Askaig,Islay 100° Proof Single Malt Scotch Whisky 700mL,134.95,https://www.danmurphys.com.au/product/DM_580627/port-askaig-islay-100-proof-single-malt-scotch-whisky-700ml
77,Glenmorangie,Allta Private Edition 10 Single Malt Scotch Whisky 700mL,139.99,https://www.danmurphys.com.au/product/DM_4134/glenmorangie-allta-private-edition-10-single-malt-scotch-whisky
78,Eden Mill,Single Malt Whisky,130.00,https://www.danmurphys.com.au/product/DM_ER_2000003095_UKEMSINM/eden-mill-single-malt-whisky
79,Glenfiddich,IPA Experiment Single Malt Scotch Whisky 700mL,124.99,https://www.danmurphys.com.au/product/DM_531086/glenfiddich-ipa-experiment-single-malt-scotch-whisky-700ml
80,Old Kempton Distillery,Tasting Flight,59.95,https://www.danmurphys.com.au/product/DM_ER_2000003067_MWP-150/old-kempton-distillery-tasting-flight
81,Glasgow Distillery,1770 Glasgow Whisky - 2019 Release,115.00,https://www.danmurphys.com.au/product/DM_ER_2000003154_1770BA1/glasgow-distillery-1770-glasgow-whisky-2019-release
82,The Arran,Malt 14 Year Old Scotch Whisky 700mL,114.99,https://www.danmurphys.com.au/product/DM_500390/the-arran-malt-14-year-old-scotch-whisky-700ml
83,Old Pulteney,Navigator Single Malt Scotch Whisky 700mL,99.99,https://www.danmurphys.com.au/product/DM_565333/old-pulteney-navigator-single-malt-scotch-whisky-700ml
84,Ardbeg,10 Year Old Scotch Whisky 'Ardbone' Gift Pack 700mL,99.99,https://www.danmurphys.com.au/product/DM_61886/ardbeg-10-year-old-scotch-whisky-ardbone-gift-pack-700m
85,Paul John Sgl Malt,Bold 46%,94.99,https://www.danmurphys.com.au/product/DM_ER_1000003298_PJN1010L/paul-john-sgl-malt-bold-46-
86,AnCnoc,Cutter Highland Single Malt Scotch Whisky 700mL,92.88,https://www.danmurphys.com.au/product/DM_456990/ancnoc-cutter-highland-single-malt-scotch-whisky-700ml
87,Paul John Sgl Malt,Edited 46%,89.99,https://www.danmurphys.com.au/product/DM_ER_1000003298_PJN1005L/paul-john-sgl-malt-edited-46-
88,Deviant Distillery,Anthology Series Single Malt Spirit,85.00,https://www.danmurphys.com.au/product/DM_ER_1000007698_936998001859/deviant-distillery-anthology-series-single-malt-spirit
89,anCnoc,12 Year Old Scotch Whisky 700mL,84.99,https://www.danmurphys.com.au/product/DM_708480/ancnoc-12-year-old-scotch-whisky-700ml
90,Glendalough,Poitin Sherry Cask Finish Irish Whiskey 700mL,79.99,https://www.danmurphys.com.au/product/DM_575836/glendalough-poitin-sherry-cask-finish-irish-whiskey-700ml
91,Corowa,"Corowa Distilling Co. The ""Mad Dog"" Morgan 46% 500 ml",165.00,https://www.danmurphys.com.au/product/DM_ER_2000003354_04-COROWAMADDOG-46-5/corowa-corowa-distilling-co-the-mad-dog-morgan-46-500
92,Iniquity,Single Malt Whisky batch # 002,300.00,https://www.danmurphys.com.au/product/DM_ER_2000003394_002/iniquity-single-malt-whisky-batch-002
93,Michel Couvreur,XV Years Old Single Malt French Whisky 500mL,249.99,https://www.danmurphys.com.au/product/DM_699583/michel-couvreur-xv-years-old-single-malt-french-whisky-500ml
94,Bowmore,No. 1 Vaults Single Malt Scotch Whisky 700mL,159.88,https://www.danmurphys.com.au/product/DM_649658/bowmore-no-1-vaults-single-malt-scotch-whisky-700ml
95,Civilized Spirits,White Dog American Unoaked Whiskey - Small Batch - 750mL,90.00,https://www.danmurphys.com.au/product/DM_ER_1000002956_5058/civilized-spirits-white-dog-american-unoaked-whiskey-small-batch-
96,Gordon & Macphail,Glenburgie 10 Year Old Scotch Whisky 700mL,94.99,https://www.danmurphys.com.au/product/DM_785727/gordon-macphail-glenburgie-10-year-old-scotch-whisky-700ml
97,Glengoyne,35 Year Old Scotch Whisky 700mL,"5,000.00",https://www.danmurphys.com.au/product/DM_790779/glengoyne-35-year-old-scotch-whisky-700ml
98,Gordon & Macphail,Balblair 10 Year Old Scotch Whisky 700mL,109.99,https://www.danmurphys.com.au/product/DM_785671/gordon-macphail-balblair-10-year-old-scotch-whisky-700ml
99,Ardbeg,Auriverdes Scotch Whisky 700mL,194.99,https://www.danmurphys.com.au/product/DM_787626/ardbeg-auriverdes-scotch-whisky-700ml
100,The Last Drop,1968 Glenrothes cask 13508 Single Malt Whisky 700mL,"10,000.0",https://www.danmurphys.com.au/product/DM_815629/the-last-drop-1968-glenrothes-cask-13508-single-malt-whisky-700m
101,Glenglassaugh,Rare Cask Collection 8 x 700mL,"35,000.0",https://www.danmurphys.com.au/product/DM_83392/glenglassaugh-rare-cask-collection-8-x-700ml
102,Bunnahabhain,40 Year Old Single Malt Scotch Whisky 700mL,"3,500.00",https://www.danmurphys.com.au/product/DM_840896/bunnahabhain-40-year-old-single-malt-scotch-whisky-700ml
103,Mars,Komagatake Double Cellars Single Malt Japanese Whisky 700mL,244.99,https://www.danmurphys.com.au/product/DM_699709/mars-komagatake-double-cellars-single-malt-japanese-whi
104,Mortlach,Cowie's Blue Seal 20 Years Old Single Malt Whisky 750mL,359.99,https://www.danmurphys.com.au/product/DM_55004/mortlach-cowie-s-blue-seal-20-years-old-single-malt-whisky
105,Wolfburn,Langskip Single Malt 700mL,129.99,https://www.danmurphys.com.au/product/DM_808460/wolfburn-langskip-single-malt-700ml
106,Amrut,Amrut Naarangi Indian Whisky 50% 700mL,184.00,https://www.danmurphys.com.au/product/DM_ER_1000006499_AMRUTNAARANGI/amrut-amrut-naarangi-indian-whisky-50-700ml
107,The GlenDronach,Grandeur Batch 10 27 Year Old 700mL,"1,250.00",https://www.danmurphys.com.au/product/DM_ER_2000003066_52521552/the-glendronach-grandeur-batch-10-27-year-old-700ml
108,Highland Park,30 Year Old Single Malt Scotch Whisky 700mL,"1,900.00",https://www.danmurphys.com.au/product/DM_821420/highland-park-30-year-old-single-malt-scotch-whisky-700ml
109,Gordon & Macphail,Connoisseurs Choice Jura 1997 Scotch Whisky 700mL,179.99,https://www.danmurphys.com.au/product/DM_785729/gordon-macphail-connoisseurs-choice-jura-1997-scotch-whisky-700ml
110,Clynelish,Select Reserve Scotch Whisky 700mL,925.00,https://www.danmurphys.com.au/product/DM_828313/clynelish-select-reserve-scotch-whisky-700ml
111,Pittyvaich,25 Year Old Scotch Whisky 700mL,500.00,https://www.danmurphys.com.au/product/DM_437402/pittyvaich-25-year-old-scotch-whisky-700ml
112,Craigellachie,23 Year Old Single Malt Scotch Whisky 700mL,760.00,https://www.danmurphys.com.au/product/DM_549552/craigellachie-23-year-old-single-malt-scotch-whisky-700ml
113,The Arran,Malt 10 Year Old Scotch Whisky 700mL,95.99,https://www.danmurphys.com.au/product/DM_500129/the-arran-malt-10-year-old-scotch-whisky-700ml
114,Wolfburn,Morven Single Malt Scotch Whisky 700mL,99.99,https://www.danmurphys.com.au/product/DM_686707/wolfburn-morven-single-malt-scotch-whisky-700ml
115,Teeling,30 Year Old Single Malt Irish Whiskey 700mL,"2,400.00",https://www.danmurphys.com.au/product/DM_800727/teeling-30-year-old-single-malt-irish-whiskey-700ml
116,Pittyvaich,28 Year Old Single Malt Scotch Whisky 700mL,500.00,https://www.danmurphys.com.au/product/DM_859366/pittyvaich-28-year-old-single-malt-scotch-whisky-700ml
117,Old Kempton Distillery,Single Malt Ex Pinot Cask 500mL,219.99,https://www.danmurphys.com.au/product/DM_32704/old-kempton-distillery-single-malt-ex-pinot-cask-500ml
118,Michel Couvreur,Intravaganza Whisky 700ml,129.99,https://www.danmurphys.com.au/product/DM_560308/michel-couvreur-intravaganza-whisky-700ml
119,Mannochmore,25 Year Old Scotch Whisky 700mL,500.00,https://www.danmurphys.com.au/product/DM_588062/mannochmore-25-year-old-scotch-whisky-700ml
0,Glenkinchie,2016 Distillers Edition Scotch Whisky 700mL,134.99,https://www.danmurphys.com.au/product/DM_611646/glenkinchie-2016-distillers-edition-scotch-whisky-700ml
1,Amrut,Amrut Portonova Indian Whisky 62.1% 700mL,174.00,https://www.danmurphys.com.au/product/DM_ER_1000006499_AMRUTPORTONOVA/amrut-amrut-portonova-indian-whisky-62-1-700ml
2,IronHouse Distillery,Tasman Whisky - Sherry Cask - Tasmanian Single Malt,230.00,https://www.danmurphys.com.au/product/DM_ER_2000003036_IHD-101/ironhouse-distillery-tasman-whisky-sherry-cask-tasmanian-single-mal
3,Corowa Distilling Co.,Bosque Verde Australian Single Malt Whisky 46% 500mL,165.00,https://www.danmurphys.com.au/product/DM_ER_2000003354_04-COROWABOSQUEVERDE/corowa-distilling-co-bosque-verde-australian-single-malt-whisky-46-500
4,The Macallan,M Single Malt Scotch Whisky 700mL,"9,600.00",https://www.danmurphys.com.au/product/DM_457252/the-macallan-m-single-malt-scotch-whisky-700ml
5,Tullibardine,Sherry Finish 500 700ml Boxed,89.99,https://www.danmurphys.com.au/product/DM_ER_1000007273_TDTU-1300-GB-18/tullibardine-sherry-finish-500-700ml-boxed
6,Port Ellen,32 Year Old Scotch Whisky 700mL,"4,900.00",https://www.danmurphys.com.au/product/DM_437398/port-ellen-32-year-old-scotch-whisky-700ml
7,Hellyers Road,Master Series Pinot Noir Finish 8 Year Old Single Malt Whisky 700mL,289.99,https://www.danmurphys.com.au/product/DM_552054/hellyers-road-master-series-pinot-noir-finish-8-year-old-single
8,Talisker,25 Year Old Scotch Whisky 700mL,550.00,https://www.danmurphys.com.au/product/DM_746692/talisker-25-year-old-scotch-whisky-700ml
9,Brora,35 Year Old Scotch Whisky 700mL,"2,200.00",https://www.danmurphys.com.au/product/DM_828279/brora-35-year-old-scotch-whisky-700ml
10,Glenglassaugh,30 Year Old Deluxe Scotch Whisky 700mL,800.00,https://www.danmurphys.com.au/product/DM_6076/glenglassaugh-30-year-old-deluxe-scotch-whisky-700ml
11,Tomintoul,14 Year Old Single Malt Scotch Whisky 700mL,119.99,https://www.danmurphys.com.au/product/DM_677956/tomintoul-14-year-old-single-malt-scotch-whisky-700ml
12,Glenfiddich,First Edition 50 Year Old Single Malt Scotch Whisky 700mL,"48,000.0",https://www.danmurphys.com.au/product/DM_710932/glenfiddich-first-edition-50-year-old-single-malt-scotch-whisk
13,Glenfiddich,40 Year Old Single Malt Scotch Whisky 700mL,"4,698.95",https://www.danmurphys.com.au/product/DM_384110/glenfiddich-40-year-old-single-malt-scotch-whisky-700ml
14,Gordon & Macphail,Mortlach 75 Year Old Scotch Whisky 700mL,"60,000.0",https://www.danmurphys.com.au/product/DM_419355/gordon-macphail-mortlach-75-year-old-scotch-whisky-700ml
15,Clynelish,Select Reserve Second Edition Scotch Whisky 700mL,"1,100.00",https://www.danmurphys.com.au/product/DM_437363/clynelish-select-reserve-second-edition-scotch-whisky-700ml
16,Gordon & Macphail,Longmorn 1999 Scotch Whisky 700mL,149.99,https://www.danmurphys.com.au/product/DM_785731/gordon-macphail-longmorn-1999-scotch-whisky-700ml
17,Benromach,Origins Batch 5 Golden Promise Scotch Whisky 700mL,114.99,https://www.danmurphys.com.au/product/DM_785668/benromach-origins-batch-5-golden-promise-scotch-whisky-700ml
18,Bruichladdich,Octomore 10.1 Single Malt Scotch Whisky 700mL,219.99,https://www.danmurphys.com.au/product/DM_78597/bruichladdich-octomore-10-1-single-malt-scotch-whisky-700ml
19,Cardhu,18 Year Old Single Malt Scotch Whisky 700mL,219.99,https://www.danmurphys.com.au/product/DM_818902/cardhu-18-year-old-single-malt-scotch-whisky-700ml
20,Benrinnes,21 Year Old Single Malt Scotch Whisky 700mL,450.00,https://www.danmurphys.com.au/product/DM_828267/benrinnes-21-year-old-single-malt-scotch-whisky-700ml
21,Amrut,Amrut Peated Single Malt Indian Whisky 46% 700mL,119.80,https://www.danmurphys.com.au/product/DM_ER_1000006499_AMRUTPEATED46/amrut-amrut-peated-single-malt-indian-whisky-46-700ml
22,Glenfarclas,60 Year Old Single Malt Scotch Whisky 700mL,"25,000.0",https://www.danmurphys.com.au/product/DM_497093/glenfarclas-60-year-old-single-malt-scotch-whisky-700ml
23,The BenRiach,35 Year Old Deluxe Scotch Whisky 700mL,"1,400.00",https://www.danmurphys.com.au/product/DM_ER_2000003066_11258X/the-benriach-35-year-old-deluxe-scotch-whisky-700ml
24,Gordon & Macphail,Connoisseurs Choice Macduff 2000 Scotch Whisky 700mL,139.99,https://www.danmurphys.com.au/product/DM_785766/gordon-macphail-connoisseurs-choice-macduff-2000-scotch-whisky-700
25,Gordon & Macphail,Connoisseurs Choice Royal Brackla 1998 Scotch Whisky 700mL,149.99,https://www.danmurphys.com.au/product/DM_785805/gordon-macphail-connoisseurs-choice-royal-brackla-1998-scotch-whis
26,Amrut,Amrut Double Cask Indian Whisky 46% 700mL,219.80,https://www.danmurphys.com.au/product/DM_ER_1000006499_AMRUTDOUBLECASK/amrut-amrut-double-cask-indian-whisky-46-700ml
27,BenRiach,25 Year Old Deluxe 700mL,350.00,https://www.danmurphys.com.au/product/DM_ER_2000003066_11266X/benriach-25-year-old-deluxe-700ml
28,The Last Drop,1967 Glen Garioch Single Malt Scotch Whisky 700mL,"8,000.00",https://www.danmurphys.com.au/product/DM_935331/the-last-drop-1967-glen-garioch-single-malt-scotch-whisky-700ml
29,The Macallan,No. 6 Single Malt Scotch Whisky 700mL,"6,498.95",https://www.danmurphys.com.au/product/DM_459685/the-macallan-no-6-single-malt-scotch-whisky-700ml
30,Laphroaig,30 Years Old Scotch Whisky 700mL,"1,990.00",https://www.danmurphys.com.au/product/DM_537533/laphroaig-30-years-old-scotch-whisky-700ml
31,Gordon & MacPhail,Glenturret 2000 Highland Single Malt Scotch Whisky 700mL,259.99,https://www.danmurphys.com.au/product/DM_421291/gordon-macphail-glenturret-2000-highland-single-malt-scotch-whisky
32,Hellyers Road,Master Series Original 14 Year Old Single Malt Whisky 700mL,239.99,https://www.danmurphys.com.au/product/DM_552057/hellyers-road-master-series-original-14-year-old-single-malt-whi
33,Highland Park,25 Year Old Single Malt Scotch Whisky 700mL,798.95,https://www.danmurphys.com.au/product/DM_592195/highland-park-25-year-old-single-malt-scotch-whisky-700ml
34,Benromach,35 Year Old Single Malt Scotch Whisky 700mL,"1,950.00",https://www.danmurphys.com.au/product/DM_536093/benromach-35-year-old-single-malt-scotch-whisky-700ml
35,Talisker,Neist Point Single Malt Scotch Whisky 700mL,199.99,https://www.danmurphys.com.au/product/DM_42215/talisker-neist-point-single-malt-scotch-whisky-700ml
36,Tomintoul,Single Malt Peated Scotch Whisky 700mL,89.99,https://www.danmurphys.com.au/product/DM_677957/tomintoul-single-malt-peated-scotch-whisky-700ml
37,Tomintoul,10 Year Old Single Malt Scotch Whisky 700mL,94.99,https://www.danmurphys.com.au/product/DM_677988/tomintoul-10-year-old-single-malt-scotch-whisky-700ml
38,Wolfburn,Batch 128 Single Malt Scotch Whisky 700mL,139.99,https://www.danmurphys.com.au/product/DM_686706/wolfburn-batch-128-single-malt-scotch-whisky-700ml
39,The Arran,Malt 18 Year Old Scotch Whisky 700mL,199.99,https://www.danmurphys.com.au/product/DM_500391/the-arran-malt-18-year-old-scotch-whisky-700ml
40,Glen Elgin,12 Year Old Whisky 700mL,109.99,https://www.danmurphys.com.au/product/DM_565596/glen-elgin-12-year-old-whisky-700ml
41,Wolfburn,Batch 375 Single Malt Scotch Whisky 700mL,174.99,https://www.danmurphys.com.au/product/DM_46611/wolfburn-batch-375-single-malt-scotch-whisky-700ml
42,IronHouse Distillery,Tasman Whisky - Port Cask - Tasmanian Single Malt,230.00,https://www.danmurphys.com.au/product/DM_ER_2000003036_IHD-100/ironhouse-distillery-tasman-whisky-port-cask-tasmanian-single-malt
43,Mars,Komagatake 27 Year Old Japanese Whisky 700mL,"1,800.00",https://www.danmurphys.com.au/product/DM_700135/mars-komagatake-27-year-old-japanese-whisky-700ml
44,Jura,Prophecy Single Malt Scotch Whisky 700mL,134.99,https://www.danmurphys.com.au/product/DM_432384/jura-prophecy-single-malt-scotch-whisky-700ml
45,Glenfiddich,Third Edition 50 Year Old Single Malt Scotch Whisky 700mL,"48,000.0",https://www.danmurphys.com.au/product/DM_74644/glenfiddich-third-edition-50-year-old-single-malt-scotch-whisk
46,The Singleton,Of Glen Ord 14 Year Old Single Malt Scotch Whisky 700mL,179.99,https://www.danmurphys.com.au/product/DM_859384/the-singleton-of-glen-ord-14-year-old-single-malt-scotch-whisky
47,Spring Bay Distiller,Sherry Cask Matured Single Malt Whisky,205.00,https://www.danmurphys.com.au/product/DM_ER_2000003097_SMS700/spring-bay-distiller-sherry-cask-matured-single-malt-whisky
48,Glasgow Distillery,1770 Glasgow Whisky - 2019 Release,117.00,https://www.danmurphys.com.au/product/DM_ER_2000003154_WHI-1770-050/glasgow-distillery-1770-glasgow-whisky-2019-release
49,Tullibardine,Sauternes Finish 225 700ml Boxed,89.99,https://www.danmurphys.com.au/product/DM_ER_1000007273_TDTU-1100-GB-18/tullibardine-sauternes-finish-225-700ml-boxed
50,Ladyburn,42 Year Old Single Malt Scotch Whisky 750mL,"2,250.00",https://www.danmurphys.com.au/product/DM_403606/ladyburn-42-year-old-single-malt-scotch-whisky-750ml
51,AnCnoc,18 Year Old Single Malt Scotch Whisky 700mL,169.99,https://www.danmurphys.com.au/product/DM_456991/ancnoc-18-year-old-single-malt-scotch-whisky-700ml
52,Ledaig,42 Year Old Single Malt Scotch Whisky 700mL,"4,500.00",https://www.danmurphys.com.au/product/DM_456988/ledaig-42-year-old-single-malt-scotch-whisky-700ml
53,Gordon & MacPhail,1995 Glentauchers Single Malt Scotch Whisky 700mL,229.99,https://www.danmurphys.com.au/product/DM_421135/gordon-macphail-1995-glentauchers-single-malt-scotch-whisky-700ml
54,Brora,37 Year Old Scotch Whisky 700mL,"2,600.00",https://www.danmurphys.com.au/product/DM_437344/brora-37-year-old-scotch-whisky-700ml
55,Glenlossie,10 Year Old Single Malt Scotch Whisky 700mL,99.99,https://www.danmurphys.com.au/product/DM_564130/glenlossie-10-year-old-single-malt-scotch-whisky-700ml
56,Berry Brothers & Rudd,Auchroisk 2000 Scotch Whisky 700mL,149.99,https://www.danmurphys.com.au/product/DM_578743/berry-brothers-rudd-auchroisk-2000-scotch-whisky-700ml
57,Westland,American Single Malt Peated Whiskey 700mL,149.99,https://www.danmurphys.com.au/product/DM_580639/westland-american-single-malt-peated-whiskey-700ml
58,Auchroisk,25 Year Old Scotch Whisky 700mL,498.95,https://www.danmurphys.com.au/product/DM_588039/auchroisk-25-year-old-scotch-whisky-700ml
59,Bowmore,Small Batch Scotch Whisky 700mL,81.99,https://www.danmurphys.com.au/product/DM_861848/bowmore-small-batch-scotch-whisky-700ml
60,Cragganmore,25 Year Old Single Malt Scotch Whisky 700mL,550.00,https://www.danmurphys.com.au/product/DM_828307/cragganmore-25-year-old-single-malt-scotch-whisky-700ml
61,Glengoyne,25 Year Old Scotch Whisky 700mL,600.00,https://www.danmurphys.com.au/product/DM_789926/glengoyne-25-year-old-scotch-whisky-700ml
62,Gordon & Macphail,Connoisseurs Choice Bladnoch 1993 Scotch Whisky 700mL,269.99,https://www.danmurphys.com.au/product/DM_785672/gordon-macphail-connoisseurs-choice-bladnoch-1993-scotch-whisky-70
63,Loch Lomond,18 Year Old Single Malt Scotch Whisky 700mL,129.90,https://www.danmurphys.com.au/product/DM_708321/loch-lomond-18-year-old-single-malt-scotch-whisky-700ml
64,Glen Moray,Mastery Single Malt Scotch Whisky 700mL,"1,400.00",https://www.danmurphys.com.au/product/DM_601553/glen-moray-mastery-single-malt-scotch-whisky-700ml
65,Benromach,Sassicaia 2009 Speyside Single Malt Scotch Whisky 700mL,129.99,https://www.danmurphys.com.au/product/DM_668289/benromach-sassicaia-2009-speyside-single-malt-scotch-whisky
66,Glencadam,17 Year Old Single Malt Scotch Whisky 700mL,239.99,https://www.danmurphys.com.au/product/DM_681856/glencadam-17-year-old-single-malt-scotch-whisky-700ml
67,Scapa,Glansa Single Malt Scotch Whisky 700mL,129.99,https://www.danmurphys.com.au/product/DM_820820/scapa-glansa-single-malt-scotch-whisky-700ml
68,Oban,21 Year Old Single Malt Whisky 700mL,825.00,https://www.danmurphys.com.au/product/DM_859385/oban-21-year-old-single-malt-whisky-700ml
69,Launceston,Single Malt Whisky Bourbon Cask 500mL,155.99,https://www.danmurphys.com.au/product/DM_ER_1000006499_LAUNCESTONBOURBON/launceston-single-malt-whisky-bourbon-cask-500ml
70,IronHouse Distillery,Tasman Whisky - Bourbon Cask - Tasmanian Single Malt,230.00,https://www.danmurphys.com.au/product/DM_ER_2000003036_IHD-102/ironhouse-distillery-tasman-whisky-bourbon-cask-tasmanian-single-ma
71,Glenglassaugh,40 Year Old Deluxe,"3,500.00",https://www.danmurphys.com.au/product/DM_ER_2000003066_GG10038/glenglassaugh-40-year-old-deluxe
72,Corowa,Corowa Distilling Co. Quick’s Courage Single Malt 46% 500 ml,175.00,https://www.danmurphys.com.au/product/DM_ER_2000003354_04C-COROWAQUICKCOURA/corowa-corowa-distilling-co-quick-s-courage-single-malt
73,Bladnoch,Bicentennial Release 29 Year Old Single Malt Scotch Whisky,"8,800.00",https://www.danmurphys.com.au/product/DM_ER_1000004438_1056/bladnoch-bicentennial-release-29-year-old-single-malt-scotc
74,Fannys Bay,Barrel 50 Bourbon Whisky 500mL,294.99,https://www.danmurphys.com.au/product/DM_51625/fannys-bay-barrel-50-bourbon-whisky-500ml
75,Kilchoman,2018 Port Cask Single Malt Scotch Whisky 700mL,184.99,https://www.danmurphys.com.au/product/DM_699713/kilchoman-2018-port-cask-single-malt-scotch-whisky-700ml
76,The Balvenie,40yo Single Barrel Single Malt Scotch Whisky 700mL,"6,000.00",https://www.danmurphys.com.au/product/DM_415477/the-balvenie-40yo-single-barrel-single-malt-scotch-whisky-700ml
77,Gordon & MacPhail,15 Year Old Single Malt Scotch Whisky 700mL,169.99,https://www.danmurphys.com.au/product/DM_421292/gordon-macphail-15-year-old-single-malt-scotch-whisky-700ml
78,Tullibardine,Sovereign 700ml Boxed,82.99,https://www.danmurphys.com.au/product/DM_ER_1000007273_TDTU-1000-GB-18/tullibardine-sovereign-700ml-boxed
79,Craoi Na Mona,10 Year Old Irish Whiskey 700mL,129.99,https://www.danmurphys.com.au/product/DM_563137/craoi-na-mona-10-year-old-irish-whiskey-700ml
80,Port Askaig,8 year old Single Malt Scotch Whisky 700mL,109.99,https://www.danmurphys.com.au/product/DM_57339/port-askaig-8-year-old-single-malt-scotch-whisky-700ml
81,Glenmorangie,1991 Single Malt Scotch Whisky 700mL,950.00,https://www.danmurphys.com.au/product/DM_59528/glenmorangie-1991-single-malt-scotch-whisky-700ml
82,Gordon & Macphail,Connoisseurs Choice Benriach 1997 Scotch Whisky 700mL,169.99,https://www.danmurphys.com.au/product/DM_785638/gordon-macphail-connoisseurs-choice-benriach-1997-scotch-whisky-70
83,Teaninich,10 Year Old Single Malt Scotch Whisky 700mL,99.99,https://www.danmurphys.com.au/product/DM_565813/teaninich-10-year-old-single-malt-scotch-whisky-700ml
84,The Macallan,Reflexion Single Malt Scotch Whisky 700mL,"2,000.00",https://www.danmurphys.com.au/product/DM_457251/the-macallan-reflexion-single-malt-scotch-whisky-700ml
85,Bladnoch,Adela 15 Year Old Single Malt Scotch Whisky 700mL,179.99,https://www.danmurphys.com.au/product/DM_539947/bladnoch-adela-15-year-old-single-malt-scotch-whisky-700ml
86,Glenkinchie,Distillers Edition Single Malt Scotch Whisky 700mL,149.99,https://www.danmurphys.com.au/product/DM_487316/glenkinchie-distillers-edition-single-malt-scotch-whisky-700ml
87,Berry Brothers & Rudd,Glenlossie 1992 Scotch Whisky 700mL,209.99,https://www.danmurphys.com.au/product/DM_578738/berry-brothers-rudd-glenlossie-1992-scotch-whisky-700ml
88,Cragganmore,Cask Strength Single Malt Scotch Whisky 700mL,698.95,https://www.danmurphys.com.au/product/DM_588046/cragganmore-cask-strength-single-malt-scotch-whisky-700ml
89,The Singleton,Of Dufftown 18 Year Old Single Malt Scotch Whisky 700mL,176.99,https://www.danmurphys.com.au/product/DM_818815/the-singleton-of-dufftown-18-year-old-single-malt-scotch-whisky
90,Gordon & Macphail,Rare Old Mosstowie 1979 Scotch Whisky 700mL,"1,600.00",https://www.danmurphys.com.au/product/DM_785825/gordon-macphail-rare-old-mosstowie-1979-scotch-whisky-700ml
91,Mortlach,Game of Thrones Six Kingdoms 15 Year Old Single Malt Scotch Whisky 700mL,,https://www.danmurphys.com.au/product/DM_83956/mortlach-game-of-thrones-six-kingdoms-15-year-old-single-ma
92,Glenmorangie,18 Year Old Single Malt Scotch Whisky 700mL,119.95,https://www.danmurphys.com.au/product/DM_824073/glenmorangie-18-year-old-single-malt-scotch-whisky-700ml
93,The Macallan,Edition 5 Single Malt Scotch Whisky 700mL,199.99,https://www.danmurphys.com.au/product/DM_80547/the-macallan-edition-5-single-malt-scotch-whisky-700ml
94,Yamazaki,Distiller's Reserve Whisky 700mL,134.99,https://www.danmurphys.com.au/product/DM_784469/yamazaki-distiller-s-reserve-whisky-700ml
95,Dalwhinnie,25 Year Old Scotch Whisky 700mL,650.00,https://www.danmurphys.com.au/product/DM_437368/dalwhinnie-25-year-old-scotch-whisky-700ml
96,Glenmorangie,The Quinta Ruban 14 Year Old Single Malt Scotch Whisky,95.99,https://www.danmurphys.com.au/product/DM_66383/glenmorangie-the-quinta-ruban-14-year-old-single-malt-scotch-wh
97,Glenfiddich,18 Year Old Single Malt Scotch Whisky 700mL,,https://www.danmurphys.com.au/product/DM_901411/glenfiddich-18-year-old-single-malt-scotch-whisky-700ml
98,The GlenDronach,15 Year Old Revival Whisky 700mL,,https://www.danmurphys.com.au/product/DM_820035/the-glendronach-15-year-old-revival-whisky-700ml
99,Highland Park,The Light 17 Year Old Whisky 700mL,399.99,https://www.danmurphys.com.au/product/DM_816220/highland-park-the-light-17-year-old-whisky-700ml
100,Lark,Whisky Single Malt Cask Strength 58% 500mL,184.99,https://www.danmurphys.com.au/product/DM_769652/lark-whisky-single-malt-cask-strength-58-500ml
101,Jura,Superstition Whisky 700mL,84.88,https://www.danmurphys.com.au/product/DM_917714/jura-superstition-whisky-700ml
102,Glenmorangie,Nectar d'Or Single Malt Scotch Whisky 700mL,99.95,https://www.danmurphys.com.au/product/DM_914559/glenmorangie-nectar-d-or-single-malt-scotch-whisky-700ml
103,Glenfarclas,8 Year Old Single Malt Scotch Whisky 700mL,74.88,https://www.danmurphys.com.au/product/DM_908109/glenfarclas-8-year-old-single-malt-scotch-whisky-700ml
104,The Arran,Robert Burns Scotch Whisky 700mL,68.88,https://www.danmurphys.com.au/product/DM_500393/the-arran-robert-burns-scotch-whisky-700ml
105,Kavalan,Concertmaster Single Malt Taiwanese Whisky 700mL,102.88,https://www.danmurphys.com.au/product/DM_795565/kavalan-concertmaster-single-malt-taiwanese-whisky-700ml
106,The Macallan,Edition 4 Single Malt Scotch Whisky 700mL,199.99,https://www.danmurphys.com.au/product/DM_811783/the-macallan-edition-4-single-malt-scotch-whisky-700ml
107,Bruichladdich,Port Charlotte Scottish Barley Scotch Whisky 700mL,99.99,https://www.danmurphys.com.au/product/DM_786843/bruichladdich-port-charlotte-scottish-barley-scotch-whisky-700ml
108,The Arran,Malt Lochranza Reserve Single Malt Scotch Whisky 700mL,84.99,https://www.danmurphys.com.au/product/DM_958975/the-arran-malt-lochranza-reserve-single-malt-scotch-whisky-7
109,Teeling,Revival 14 year Old Whiskey 700mL,169.99,https://www.danmurphys.com.au/product/DM_615973/teeling-revival-14-year-old-whiskey-700ml
110,The Glenlivet,12 Year Old Single Malt Scotch Whisky + 2 Glasses,79.88ea,https://www.danmurphys.com.au/product/DM_69203/the-glenlivet-12-year-old-single-malt-scotch-whisky-2-glasses
111,Tyrconnell,Single Malt Irish Whiskey 700mL,69.88,https://www.danmurphys.com.au/product/DM_802394/tyrconnell-single-malt-irish-whiskey-700ml
112,The Glenlivet,Founder's Reserve Scotch Whisky Glass Gift Pack,69.99ea,https://www.danmurphys.com.au/product/DM_935113/the-glenlivet-founder-s-reserve-scotch-whisky-glass-gift-pack
113,G.Rozelieures,Rare Collection Single Malt French Whisky 700mL,55.88,https://www.danmurphys.com.au/product/DM_514308/g-rozelieures-rare-collection-single-malt-french-whisky-700ml
114,Tullibardine,20 Year Old 700mL Boxed,198.00,https://www.danmurphys.com.au/product/DM_ER_1000007273_TDTU-1400-GB-18/tullibardine-20-year-old-700ml-boxed
115,Spring Bay Distiller,Bourbon Cask Matured Single Malt Whisky,195.00,https://www.danmurphys.com.au/product/DM_ER_2000003097_SMB700/spring-bay-distiller-bourbon-cask-matured-single-malt-whisky
116,Hakushu,18 Year Old Japanese Whisky 700mL,800.00,https://www.danmurphys.com.au/product/DM_550633/hakushu-18-year-old-japanese-whisky-700ml
117,The Macallan,Oscuro Single Malt Scotch Whisky 700mL,"1,400.00",https://www.danmurphys.com.au/product/DM_564480/the-macallan-oscuro-single-malt-scotch-whisky-700ml
118,Teeling,33 year Old Single Malt Whiskey 700mL,"3,500.00",https://www.danmurphys.com.au/product/DM_572333/teeling-33-year-old-single-malt-whiskey-700ml
119,Yamazaki,Mizunara Japanese Whisky 700mL,"1,300.00",https://www.danmurphys.com.au/product/DM_661762/yamazaki-mizunara-japanese-whisky-700ml
0,Glencadam,10 Year Old Single Malt Scotch Whisky 700mL,99.99,https://www.danmurphys.com.au/product/DM_677987/glencadam-10-year-old-single-malt-scotch-whisky-700ml
1,Mortlach,Rare Old Scotch Whisky 500mL,79.85,https://www.danmurphys.com.au/product/DM_860802/mortlach-rare-old-scotch-whisky-500ml
2,Glenmorangie,Bacalta Private Edition Single Malt Scotch Whisky 700mL,124.99,https://www.danmurphys.com.au/product/DM_575701/glenmorangie-bacalta-private-edition-single-malt-scotch-whisky
3,Launceston,Single Malt Whisky Bourbon Cask 500mL,,https://www.danmurphys.com.au/product/DM_3995/launceston-single-malt-whisky-bourbon-cask-500ml
4,Glasgow Distillery,Prometheus Whisky Speyside 28yo 700mL,"1,043.95",https://www.danmurphys.com.au/product/DM_ER_2000003154_WHI-PRO28-070/glasgow-distillery-prometheus-whisky-speyside-28yo-700ml
5,Old Pulteney,Clipper Single Malt Scotch Whisky 700mL,84.88,https://www.danmurphys.com.au/product/DM_576172/old-pulteney-clipper-single-malt-scotch-whisky-700ml
6,Lagavulin,2016 Distillers Edition Scotch Whisky 700mL,198.95,https://www.danmurphys.com.au/product/DM_611648/lagavulin-2016-distillers-edition-scotch-whisky-700ml
7,Glenmorangie,Vintage 1990 Single Malt Scotch Whisky 700mL,725.00,https://www.danmurphys.com.au/product/DM_646876/glenmorangie-vintage-1990-single-malt-scotch-whisky-700ml
8,Caol Ila,30 Year Old Scotch Whisky 700mL,800.00,https://www.danmurphys.com.au/product/DM_828270/caol-ila-30-year-old-scotch-whisky-700ml
9,Mortlach,25 Year Old Scotch Whisky 500mL,"1,000.00",https://www.danmurphys.com.au/product/DM_860826/mortlach-25-year-old-scotch-whisky-500ml
10,Joadja,Joadja Single Malt Whisky Release 3 200mL@48% Alc/Vol,69.00,https://www.danmurphys.com.au/product/DM_ER_2000003127_JW2003/joadja-joadja-single-malt-whisky-release-3-200ml-48-alc-
11,Joadja Distillery,Joadja Distillery Single Malt Whisky Ex PX Cask 48%,149.00,https://www.danmurphys.com.au/product/DM_ER_2000003127_JW5007/joadja-distillery-joadja-distillery-single-malt-whisky-ex-px-cask-48
12,Launceston,Single Malt Whisky Tawny Cask 500mL,155.99,https://www.danmurphys.com.au/product/DM_ER_1000006499_LAUNCESTONTAWNY/launceston-single-malt-whisky-tawny-cask-500ml
13,Gordon & Macphail,Connoisseurs Choice Dailuaine 1998 Scotch Whisky 700mL,105.99,https://www.danmurphys.com.au/product/DM_785723/gordon-macphail-connoisseurs-choice-dailuaine-1998-scotch-whisky-7
14,Mortlach,18 Year Old Scotch Whisky 500mL,289.99,https://www.danmurphys.com.au/product/DM_860801/mortlach-18-year-old-scotch-whisky-500ml
15,Oban,Bay Reserve The Night's Watch Single Malt Whisky 700mL,,https://www.danmurphys.com.au/product/DM_858549/oban-bay-reserve-the-night-s-watch-single-malt-whisky-7
16,Highland Park,Leif Eriksson Scotch Whisky 700mL,169.99,https://www.danmurphys.com.au/product/DM_406393/highland-park-leif-eriksson-scotch-whisky-700ml
17,The Glenlivet,Ordachory Single Malt Scotch Whisky 700mL,299.99,https://www.danmurphys.com.au/product/DM_578623/the-glenlivet-ordachory-single-malt-scotch-whisky-700ml
18,Amrut,Single Malt Indian Whisky 700mL,81.99,https://www.danmurphys.com.au/product/DM_748845/amrut-single-malt-indian-whisky-700ml
19,The Macallan,1990 Highland Single Malt Scotch Whisky 700mL,"17,000.0",https://www.danmurphys.com.au/product/DM_670745/the-macallan-1990-highland-single-malt-scotch-whisky-700ml
20,Glenfarclas,The Family Casks 1985 Single Malt Whisky 700mL,999.00,https://www.danmurphys.com.au/product/DM_707828/glenfarclas-the-family-casks-1985-single-malt-whisky-700ml
21,Tobermory,42 Year Old Single Malt Scotch 700mL,"4,800.00",https://www.danmurphys.com.au/product/DM_816254/tobermory-42-year-old-single-malt-scotch-700ml
22,Bruichladdich,Old & Rare 32 Year Old 1986 Single Malt Scotch Whisky 700mL,"1,200.00",https://www.danmurphys.com.au/product/DM_851798/bruichladdich-old-rare-32-year-old-1986-single-malt-scotch-whi
23,Penderyn,Madeira 46% Edition Whisky 700mL,89.99,https://www.danmurphys.com.au/product/DM_781513/penderyn-madeira-46-edition-whisky-700ml
24,Egan's,Egan's 10yo Single Malt Irish Whiskey,90.00,https://www.danmurphys.com.au/product/DM_ER_1000005720_E1023021/egan-s-egan-s-10yo-single-malt-irish-whiskey
25,The Macallan,18 Year Old Triple Cask Single Malt Scotch Whisky 700mL,,https://www.danmurphys.com.au/product/DM_28420/the-macallan-18-year-old-triple-cask-single-malt-scotch-whisky
26,Gordon & MacPhail,1991 Bruichladdich Single Malt Scotch Whisky 700mL,329.99,https://www.danmurphys.com.au/product/DM_421132/gordon-macphail-1991-bruichladdich-single-malt-scotch-whisky-700ml
27,Gordon & MacPhail,1998 Clynelish Single Malt Scotch Whisky 700mL,229.99,https://www.danmurphys.com.au/product/DM_421133/gordon-macphail-1998-clynelish-single-malt-scotch-whisky-700ml
28,Laphroaig,Lore Single Malt Scotch Whisky 700mL,179.99,https://www.danmurphys.com.au/product/DM_500954/laphroaig-lore-single-malt-scotch-whisky-700ml
29,G.Rozelieures,Tourbé Collection Single Malt French Whisky 700mL,70.88,https://www.danmurphys.com.au/product/DM_514309/g-rozelieures-tourb-collection-single-malt-french-whisky-700ml
30,Teeling,Revival 13 Year Old Single Malt Whiskey 700mL,159.99,https://www.danmurphys.com.au/product/DM_511987/teeling-revival-13-year-old-single-malt-whiskey-700ml
31,Michel Couvreur,XII Years Old Single Malt French Whisky 500mL,189.99,https://www.danmurphys.com.au/product/DM_699569/michel-couvreur-xii-years-old-single-malt-french-whisky-500ml
32,Kavalan,Single Malt Taiwanese Whisky 700mL,134.99,https://www.danmurphys.com.au/product/DM_795564/kavalan-single-malt-taiwanese-whisky-700ml
33,Auchentoshan,Classic Scotch Whisky 700mL,54.88,https://www.danmurphys.com.au/product/DM_364713/auchentoshan-classic-scotch-whisky-700ml
34,Benromach,Château Cissac Bordeaux Single Malt Scotch Whisky 700mL,98.88,https://www.danmurphys.com.au/product/DM_421259/benromach-ch-teau-cissac-bordeaux-single-malt-scotch-whisky
35,Kilchoman,100% Islay 5th Edition Single Malt Scotch Whisky 700mL,159.99,https://www.danmurphys.com.au/product/DM_456994/kilchoman-100-islay-5th-edition-single-malt-scotch-whisky-7
36,Glenfiddich,Red Wine Cask Single Malt Whisky 700mL,199.99,https://www.danmurphys.com.au/product/DM_564100/glenfiddich-red-wine-cask-single-malt-whisky-700ml
37,Inchmurrin,15 Year Old Single Malt Scotch Whisky 700mL,99.99,https://www.danmurphys.com.au/product/DM_565331/inchmurrin-15-year-old-single-malt-scotch-whisky-700ml
38,GlenAllachie,12 Year Whisky 700ml,,https://www.danmurphys.com.au/product/DM_ER_1000002986_GLE12YR0700/glenallachie-12-year-whisky-700ml
39,Port Ellen,37 Year Old Distilled 1978 700mL,"5,000.00",https://www.danmurphys.com.au/product/DM_587949/port-ellen-37-year-old-distilled-1978-700ml
40,The Glenlivet,Winchester Collection 50YO Single Malt Scotch Whisky 700mL,"30,000.0",https://www.danmurphys.com.au/product/DM_800521/the-glenlivet-winchester-collection-50yo-single-malt-scotch-whis
41,Lagavulin,2017 Distillers Edition Scotch Whisky 700mL,199.99,https://www.danmurphys.com.au/product/DM_808531/lagavulin-2017-distillers-edition-scotch-whisky-700ml
42,Clynelish,Reserve House of Tyrell Single Malt 700mL,,https://www.danmurphys.com.au/product/DM_83277/clynelish-reserve-house-of-tyrell-single-malt-700ml
43,Bruichladdich,Old & Rare 32 Year Old 1985 Single Malt Scotch Whisky 700mL,"1,200.00",https://www.danmurphys.com.au/product/DM_851609/bruichladdich-old-rare-32-year-old-1985-single-malt-scotch-whi
44,Caol Ila,35 Year Old Special Release Single Malt Scotch Whisky 700mL,"1,250.00",https://www.danmurphys.com.au/product/DM_859297/caol-ila-35-year-old-special-release-single-malt-scotch-whi
45,Otter Craft Distilling,OCD Whiskey Barrel 1 Limited Edition,300.00,https://www.danmurphys.com.au/product/DM_ER_2000003396_OCD05/otter-craft-distilling-ocd-whiskey-barrel-1-limited-edition
46,Linkwood,25 Year Old Single Malt Scotch Whisky 700mL,269.99,https://www.danmurphys.com.au/product/DM_421250/linkwood-25-year-old-single-malt-scotch-whisky-700ml
47,The Macallan,1950 Single Malt Scotch Whisky 700mL,"45,000.0",https://www.danmurphys.com.au/product/DM_670742/the-macallan-1950-single-malt-scotch-whisky-700ml
48,Mars,Komagatake Shinanotanpopo Single Malt Whisky 700mL,253.99,https://www.danmurphys.com.au/product/DM_672864/mars-komagatake-shinanotanpopo-single-malt-whisky-700ml
49,Gordon & MacPhail,Glen Grant 40 Year Old Speyside Single Malt Scotch Whisky 700mL,900.00,https://www.danmurphys.com.au/product/DM_421138/gordon-macphail-glen-grant-40-year-old-speyside-single-malt-scotch
50,Gordon & MacPhail,1974 Glenlivet Single Malt Scotch Whisky 700mL,"1,000.00",https://www.danmurphys.com.au/product/DM_421252/gordon-macphail-1974-glenlivet-single-malt-scotch-whisky-700ml
51,Jura,16 Year Old Diurachs' Own Single Malt Scotch Whisky 700mL,119.99,https://www.danmurphys.com.au/product/DM_432382/jura-16-year-old-diurachs-own-single-malt-scotch-whisk
52,Old Pulteney,18 year old Single Malt Scotch Whisky 700mL,249.99,https://www.danmurphys.com.au/product/DM_55667/old-pulteney-18-year-old-single-malt-scotch-whisky-700ml
53,Tullibardine,25 Year Old 700mL Boxed,298.00,https://www.danmurphys.com.au/product/DM_ER_1000007273_TDTU-1500-GB-18/tullibardine-25-year-old-700ml-boxed
54,Kilchoman,Loch Gorm Islay Single Malt Scotch Whisky 700mL,149.99,https://www.danmurphys.com.au/product/DM_456993/kilchoman-loch-gorm-islay-single-malt-scotch-whisky-700ml
55,AnCnoc,22 Year Old Highland Single Malt Scotch Whisky 700mL,219.99,https://www.danmurphys.com.au/product/DM_456992/ancnoc-22-year-old-highland-single-malt-scotch-whisky-700
56,The Macallan,1824 Series Sienna Scotch Whisky 700mL,184.99,https://www.danmurphys.com.au/product/DM_776805/the-macallan-1824-series-sienna-scotch-whisky-700ml
57,Balblair,1989 Highland Single Malt Scotch Whisky 700mL,129.88,https://www.danmurphys.com.au/product/DM_456985/balblair-1989-highland-single-malt-scotch-whisky-700ml
58,Talisker,Scotch Whisky Distillers Edition 2016 700mL,119.99,https://www.danmurphys.com.au/product/DM_611712/talisker-scotch-whisky-distillers-edition-2016-700ml
59,Glen Moray,Classic Single Malt Scotch Whisky Glasses Gift Pack 700mL,54.99,https://www.danmurphys.com.au/product/DM_384536/glen-moray-classic-single-malt-scotch-whisky-glasses-gift-pac
60,Gordon & MacPhail,1979 Dallas Dhu Single Malt Scotch Whisky 700mL,600.00,https://www.danmurphys.com.au/product/DM_421253/gordon-macphail-1979-dallas-dhu-single-malt-scotch-whisky-700ml
61,Brora,38 Year Old Scotch Whisky 700mL,"2,800.00",https://www.danmurphys.com.au/product/DM_588043/brora-38-year-old-scotch-whisky-700ml
62,Bruichladdich,Octomore 6.1 Scotch Whisky 700mL,169.99,https://www.danmurphys.com.au/product/DM_786835/bruichladdich-octomore-6-1-scotch-whisky-700ml
